HC;SEXO;EDAD;FECHA INGRESO;FECHA ALTA;FECHA CIRUGIA;PROCEDIMIENTO;CIE10;DURACION MINUTOS;CIRUGIA URGENTE;ASA;GRADO CONTAMINACION INICIAL;PROFILAXIS ANTIBIOTICA;ADECUACION PROFILAXIS;INFECCION LOCALIZACION QUIRURGICA;FECHA ILQ;LOCALIZACION INFECCION;CULTIVO ILQ;MICROOR.;MONITORIZACION TEMPERATURA;GLUCEMIA INTRAOPERATORIA;ELIMINACION VELLO;ANTISEPSIA PIEL
H001;MUJER;58;05/01/2026;10/01/2026;07/01/2026;PROTESIS DE CADERA;M16.1;95;NO;II;LIMPIA;SI;ADECUADA;NO;;;;;SI;110;RASURADO;CLORHEXIDINA
H002;HOMBRE;72;06/01/2026;12/01/2026;32/13/2026;PROTESIS DE RODILLA;M17.1;110;NO;III;LIMPIA-CONTAMINADA;SI;ADECUADA;NO;;;;;SI;130;RASURADO;CLORHEXIDINA
H003;MUJER;NOVENTA;07/01/2026;14/01/2026;08/01/2026;COLECISTECTOMIA;K80.2;60;NO;II;CONTAMINADA;SI;INADECUADA;NO;;;;;NO;95;NINGUNA;POVIDONA
;HOMBRE;45;08/01/2026;13/01/2026;09/01/2026;HERNIA INGUINAL;K40.9;50;NO;I;LIMPIA;SI;ADECUADA;NO;;;;;SI;100;RASURADO;CLORHEXIDINA
H005;MUJER;66;09/01/2026;SIGUE INGRESADO;10/01/2026;BYPASS GASTRICO;E66.0;180;NO;III;LIMPIA;SI;ADECUADA;SI;15/01/2026;INCISIONAL SUPERFICIAL;POSITIVO;E. COLI;SI;140;RASURADO;CLORHEXIDINA
H006;HOMBRE;39;1/2/2026;5/2/2026;3/2/2026;APENDICECTOMIA;K35.8;45;SI;II;CONTAMINADA;NO;;NO;;;;;NO;90;NINGUNA;POVIDONA
H007;MUJER;51;10-01-2026;16-01-2026;11-01-2026;MASTECTOMIA;C50.9;120;NO;II;LIMPIA;SI;ADECUADA;NO;;;;;SI;105;RASURADO;CLORHEXIDINA
H008;HOMBRE;60;11/01/2026;17/01/2026;12/01/2026;PROTESIS DE CADERA;M16.0;100;NO;II;LIMPIA;SI;ADECUADA;NO;;;;;SI;115;RASURADO;CLORHEXIDINA
;;ND;;;;;;;;;;;;;;;;;;;;
H010;MUJER;70;12/01/2026;19/01/2026;13/01/2026;COLECISTECTOMIA;K80.0;NO CONSTA;NO;II;CONTAMINADA;SI;ADECUADA;NO;;;;;SI;;RASURADO;CLORHEXIDINA
H011;HOMBRE;68;13/01/2026;22/01/2026;14/01/2026;BYPASS CORONARIO;I25.1;240;SI;IV;SUCIA;SI;ADECUADA;SI;20/01/2026;ORGANO ESPACIO;POSITIVO;STAPHYLOCOCCUS AUREUS;SI;150;RASURADO;CLORHEXIDINA
H012;MUJER;44;14/01/2026;18/01/2026;15/01/2026;HISTERECTOMIA;N85.9;100;0;II;LIMPIA;1;ADECUADA;0;;;;;1;98;RASURADO;CLORHEXIDINA
H013;HOMBRE;55;15/01/2026;23/01/2026;16/01/2026;PROTESIS DE RODILLA;M17.0;115;NO;III;LIMPIA-CONTAMINADA;SI;ADECUADA;SI;21/01/2026;INCISIONAL PROFUNDA;NEGATIVO;;SI;125;RASURADO;CLORHEXIDINA
H014;MUJER;49;16/01/2026;24/01/2026;17/01/2026;COLECISTECTOMIA;K80.1;65;NO;II;CONTAMINADA;SI;ADECUADA;SI;22/01/2026;INCISIONAL SUPERFICIAL;NEGATIVO;;NO;92;NINGUNA;POVIDONA
H015;HOMBRE;33;17/01/2026;21/01/2026;18/01/2026;HERNIA INGUINAL;K40.2;40;NO;I;LIMPIA;SI;ADECUADA;NO;;;;;SI;88;RASURADO;CLORHEXIDINA
